Email_address,First_name,Last_name,Course.id,grades,Marks
student1@mycsu.edu,FirstName1,LastName1,DATA236,A,90
student1@mycsu.edu,FirstName1,LastName1,DATA228,B,82
student1@mycsu.edu,FirstName1,LastName1,DATA266,A,92
student1@mycsu.edu,FirstName1,LastName1,DATA350,C,76
student2@mycsu.edu,FirstName2,LastName2,DATA280,C,70
student2@mycsu.edu,FirstName2,LastName2,DATA330,F,19
student2@mycsu.edu,FirstName2,LastName2,DATA310,A,92
student2@mycsu.edu,FirstName2,LastName2,DATA226,C,70
student3@mycsu.edu,FirstName3,LastName3,DATA350,B,89
student3@mycsu.edu,FirstName3,LastName3,DATA275,B,85
student3@mycsu.edu,FirstName3,LastName3,DATA270,A,92
student3@mycsu.edu,FirstName3,LastName3,DATA220,C,77
student4@mycsu.edu,FirstName4,LastName4,DATA350,A,91
student4@mycsu.edu,FirstName4,LastName4,DATA228,D,66
student4@mycsu.edu,FirstName4,LastName4,DATA220,C,79
student4@mycsu.edu,FirstName4,LastName4,DATA230,C,74
student5@mycsu.edu,FirstName5,LastName5,DATA280,B,86
student5@mycsu.edu,FirstName5,LastName5,DATA228,A,90
student5@mycsu.edu,FirstName5,LastName5,DATA220,A,96
student5@mycsu.edu,FirstName5,LastName5,DATA245,D,62
student6@mycsu.edu,FirstName6,LastName6,DATA236,D,69
student6@mycsu.edu,FirstName6,LastName6,DATA220,D,64
student6@mycsu.edu,FirstName6,LastName6,DATA266,A,92
student6@mycsu.edu,FirstName6,LastName6,DATA270,C,71
student7@mycsu.edu,FirstName7,LastName7,DATA290,A,96
student7@mycsu.edu,FirstName7,LastName7,DATA360,D,60
student7@mycsu.edu,FirstName7,LastName7,DATA245,C,73
student7@mycsu.edu,FirstName7,LastName7,DATA255,D,69
student8@mycsu.edu,FirstName8,LastName8,DATA245,A,93
student8@mycsu.edu,FirstName8,LastName8,DATA275,B,87
student8@mycsu.edu,FirstName8,LastName8,DATA360,B,85
student8@mycsu.edu,FirstName8,LastName8,DATA226,A,94
student9@mycsu.edu,FirstName9,LastName9,DATA340,B,81
student9@mycsu.edu,FirstName9,LastName9,DATA226,C,75
student9@mycsu.edu,FirstName9,LastName9,DATA350,D,66
student9@mycsu.edu,FirstName9,LastName9,DATA320,C,70
student10@mycsu.edu,FirstName10,LastName10,DATA310,F,54
student10@mycsu.edu,FirstName10,LastName10,DATA330,D,63
student10@mycsu.edu,FirstName10,LastName10,DATA350,F,21
student10@mycsu.edu,FirstName10,LastName10,DATA236,F,36
student11@mycsu.edu,FirstName11,LastName11,DATA290,B,85
student11@mycsu.edu,FirstName11,LastName11,DATA245,A,99
student11@mycsu.edu,FirstName11,LastName11,DATA300,B,81
student11@mycsu.edu,FirstName11,LastName11,DATA360,D,63
student12@mycsu.edu,FirstName12,LastName12,DATA350,B,85
student12@mycsu.edu,FirstName12,LastName12,DATA230,C,77
student12@mycsu.edu,FirstName12,LastName12,DATA228,B,89
student12@mycsu.edu,FirstName12,LastName12,DATA360,B,89
student13@mycsu.edu,FirstName13,LastName13,DATA280,F,1
student13@mycsu.edu,FirstName13,LastName13,DATA228,A,95
student13@mycsu.edu,FirstName13,LastName13,DATA226,D,69
student13@mycsu.edu,FirstName13,LastName13,DATA290,F,42
student14@mycsu.edu,FirstName14,LastName14,DATA280,C,75
student14@mycsu.edu,FirstName14,LastName14,DATA270,B,85
student14@mycsu.edu,FirstName14,LastName14,DATA245,A,99
student14@mycsu.edu,FirstName14,LastName14,DATA320,A,96
student15@mycsu.edu,FirstName15,LastName15,DATA266,B,82
student15@mycsu.edu,FirstName15,LastName15,DATA280,C,73
student15@mycsu.edu,FirstName15,LastName15,DATA230,C,78
student15@mycsu.edu,FirstName15,LastName15,DATA275,F,29
student16@mycsu.edu,FirstName16,LastName16,DATA220,D,63
student16@mycsu.edu,FirstName16,LastName16,DATA228,D,67
student16@mycsu.edu,FirstName16,LastName16,DATA236,C,76
student16@mycsu.edu,FirstName16,LastName16,DATA310,A,95
student17@mycsu.edu,FirstName17,LastName17,DATA275,C,72
student17@mycsu.edu,FirstName17,LastName17,DATA280,F,8
student17@mycsu.edu,FirstName17,LastName17,DATA226,C,79
student17@mycsu.edu,FirstName17,LastName17,DATA270,D,65
student18@mycsu.edu,FirstName18,LastName18,DATA220,A,95
student18@mycsu.edu,FirstName18,LastName18,DATA236,D,65
student18@mycsu.edu,FirstName18,LastName18,DATA266,A,92
student18@mycsu.edu,FirstName18,LastName18,DATA255,D,63
student19@mycsu.edu,FirstName19,LastName19,DATA310,F,50
student19@mycsu.edu,FirstName19,LastName19,DATA330,F,50
student19@mycsu.edu,FirstName19,LastName19,DATA360,D,64
student19@mycsu.edu,FirstName19,LastName19,DATA300,C,70
student20@mycsu.edu,FirstName20,LastName20,DATA290,C,72
student20@mycsu.edu,FirstName20,LastName20,DATA360,D,68
student20@mycsu.edu,FirstName20,LastName20,DATA255,F,33
student20@mycsu.edu,FirstName20,LastName20,DATA300,C,76
student21@mycsu.edu,FirstName21,LastName21,DATA320,C,74
student21@mycsu.edu,FirstName21,LastName21,DATA266,A,95
student21@mycsu.edu,FirstName21,LastName21,DATA228,F,53
student21@mycsu.edu,FirstName21,LastName21,DATA220,F,37
student22@mycsu.edu,FirstName22,LastName22,DATA255,C,72
student22@mycsu.edu,FirstName22,LastName22,DATA320,B,81
student22@mycsu.edu,FirstName22,LastName22,DATA300,F,5
student22@mycsu.edu,FirstName22,LastName22,DATA360,F,37
student23@mycsu.edu,FirstName23,LastName23,DATA300,B,82
student23@mycsu.edu,FirstName23,LastName23,DATA310,A,95
student23@mycsu.edu,FirstName23,LastName23,DATA236,F,45
student23@mycsu.edu,FirstName23,LastName23,DATA245,A,98
student24@mycsu.edu,FirstName24,LastName24,DATA226,C,75
student24@mycsu.edu,FirstName24,LastName24,DATA300,D,65
student24@mycsu.edu,FirstName24,LastName24,DATA320,C,71
student24@mycsu.edu,FirstName24,LastName24,DATA280,D,62
student25@mycsu.edu,FirstName25,LastName25,DATA270,C,70
student25@mycsu.edu,FirstName25,LastName25,DATA228,B,85
student25@mycsu.edu,FirstName25,LastName25,DATA330,D,64
student25@mycsu.edu,FirstName25,LastName25,DATA320,C,74
student26@mycsu.edu,FirstName26,LastName26,DATA290,C,77
student26@mycsu.edu,FirstName26,LastName26,DATA350,D,65
student26@mycsu.edu,FirstName26,LastName26,DATA236,D,68
student26@mycsu.edu,FirstName26,LastName26,DATA275,D,67
student27@mycsu.edu,FirstName27,LastName27,DATA275,C,79
student27@mycsu.edu,FirstName27,LastName27,DATA300,C,79
student27@mycsu.edu,FirstName27,LastName27,DATA236,C,75
student27@mycsu.edu,FirstName27,LastName27,DATA280,F,2
student28@mycsu.edu,FirstName28,LastName28,DATA310,D,64
student28@mycsu.edu,FirstName28,LastName28,DATA340,B,87
student28@mycsu.edu,FirstName28,LastName28,DATA255,B,80
student28@mycsu.edu,FirstName28,LastName28,DATA245,A,98
student29@mycsu.edu,FirstName29,LastName29,DATA245,A,94
student29@mycsu.edu,FirstName29,LastName29,DATA230,A,96
student29@mycsu.edu,FirstName29,LastName29,DATA255,A,97
student29@mycsu.edu,FirstName29,LastName29,DATA340,F,58
student30@mycsu.edu,FirstName30,LastName30,DATA226,D,69
student30@mycsu.edu,FirstName30,LastName30,DATA275,B,81
student30@mycsu.edu,FirstName30,LastName30,DATA245,B,89
student30@mycsu.edu,FirstName30,LastName30,DATA290,D,69
student31@mycsu.edu,FirstName31,LastName31,DATA228,D,65
student31@mycsu.edu,FirstName31,LastName31,DATA270,B,89
student31@mycsu.edu,FirstName31,LastName31,DATA360,A,100
student31@mycsu.edu,FirstName31,LastName31,DATA290,A,96
student32@mycsu.edu,FirstName32,LastName32,DATA320,D,66
student32@mycsu.edu,FirstName32,LastName32,DATA300,B,89
student32@mycsu.edu,FirstName32,LastName32,DATA226,B,84
student32@mycsu.edu,FirstName32,LastName32,DATA340,A,94
student33@mycsu.edu,FirstName33,LastName33,DATA266,F,8
student33@mycsu.edu,FirstName33,LastName33,DATA330,F,7
student33@mycsu.edu,FirstName33,LastName33,DATA300,D,65
student33@mycsu.edu,FirstName33,LastName33,DATA228,C,79
student34@mycsu.edu,FirstName34,LastName34,DATA310,D,60
student34@mycsu.edu,FirstName34,LastName34,DATA360,C,73
student34@mycsu.edu,FirstName34,LastName34,DATA255,A,95
student34@mycsu.edu,FirstName34,LastName34,DATA300,C,76
student35@mycsu.edu,FirstName35,LastName35,DATA310,F,51
student35@mycsu.edu,FirstName35,LastName35,DATA245,D,69
student35@mycsu.edu,FirstName35,LastName35,DATA236,B,88
student35@mycsu.edu,FirstName35,LastName35,DATA228,A,92
student36@mycsu.edu,FirstName36,LastName36,DATA220,A,90
student36@mycsu.edu,FirstName36,LastName36,DATA300,B,85
student36@mycsu.edu,FirstName36,LastName36,DATA236,A,98
student36@mycsu.edu,FirstName36,LastName36,DATA360,D,66
student37@mycsu.edu,FirstName37,LastName37,DATA245,F,52
student37@mycsu.edu,FirstName37,LastName37,DATA320,A,97
student37@mycsu.edu,FirstName37,LastName37,DATA280,D,64
student37@mycsu.edu,FirstName37,LastName37,DATA220,C,77
student38@mycsu.edu,FirstName38,LastName38,DATA280,F,59
student38@mycsu.edu,FirstName38,LastName38,DATA255,F,3
student38@mycsu.edu,FirstName38,LastName38,DATA266,A,93
student38@mycsu.edu,FirstName38,LastName38,DATA330,C,74
student39@mycsu.edu,FirstName39,LastName39,DATA230,C,79
student39@mycsu.edu,FirstName39,LastName39,DATA255,F,31
student39@mycsu.edu,FirstName39,LastName39,DATA228,F,45
student39@mycsu.edu,FirstName39,LastName39,DATA280,B,87
student40@mycsu.edu,FirstName40,LastName40,DATA275,F,2
student40@mycsu.edu,FirstName40,LastName40,DATA266,F,54
student40@mycsu.edu,FirstName40,LastName40,DATA300,D,66
student40@mycsu.edu,FirstName40,LastName40,DATA280,C,74
student41@mycsu.edu,FirstName41,LastName41,DATA245,C,71
student41@mycsu.edu,FirstName41,LastName41,DATA255,A,98
student41@mycsu.edu,FirstName41,LastName41,DATA360,F,30
student41@mycsu.edu,FirstName41,LastName41,DATA266,A,96
student42@mycsu.edu,FirstName42,LastName42,DATA280,C,78
student42@mycsu.edu,FirstName42,LastName42,DATA300,A,100
student42@mycsu.edu,FirstName42,LastName42,DATA320,D,63
student42@mycsu.edu,FirstName42,LastName42,DATA220,C,73
student43@mycsu.edu,FirstName43,LastName43,DATA320,A,95
student43@mycsu.edu,FirstName43,LastName43,DATA275,B,84
student43@mycsu.edu,FirstName43,LastName43,DATA228,B,89
student43@mycsu.edu,FirstName43,LastName43,DATA236,C,75
student44@mycsu.edu,FirstName44,LastName44,DATA360,D,61
student44@mycsu.edu,FirstName44,LastName44,DATA230,D,68
student44@mycsu.edu,FirstName44,LastName44,DATA275,C,75
student44@mycsu.edu,FirstName44,LastName44,DATA350,C,77
student45@mycsu.edu,FirstName45,LastName45,DATA310,A,92
student45@mycsu.edu,FirstName45,LastName45,DATA266,B,82
student45@mycsu.edu,FirstName45,LastName45,DATA320,A,96
student45@mycsu.edu,FirstName45,LastName45,DATA228,B,84
student46@mycsu.edu,FirstName46,LastName46,DATA330,C,74
student46@mycsu.edu,FirstName46,LastName46,DATA266,B,84
student46@mycsu.edu,FirstName46,LastName46,DATA245,F,59
student46@mycsu.edu,FirstName46,LastName46,DATA255,D,66
student47@mycsu.edu,FirstName47,LastName47,DATA270,D,66
student47@mycsu.edu,FirstName47,LastName47,DATA310,A,94
student47@mycsu.edu,FirstName47,LastName47,DATA266,A,93
student47@mycsu.edu,FirstName47,LastName47,DATA245,A,94
student48@mycsu.edu,FirstName48,LastName48,DATA300,F,0
student48@mycsu.edu,FirstName48,LastName48,DATA310,F,26
student48@mycsu.edu,FirstName48,LastName48,DATA280,D,63
student48@mycsu.edu,FirstName48,LastName48,DATA350,D,68
student49@mycsu.edu,FirstName49,LastName49,DATA280,B,83
student49@mycsu.edu,FirstName49,LastName49,DATA228,A,90
student49@mycsu.edu,FirstName49,LastName49,DATA340,D,69
student49@mycsu.edu,FirstName49,LastName49,DATA230,C,72
student50@mycsu.edu,FirstName50,LastName50,DATA220,B,88
student50@mycsu.edu,FirstName50,LastName50,DATA270,F,33
student50@mycsu.edu,FirstName50,LastName50,DATA266,B,89
student50@mycsu.edu,FirstName50,LastName50,DATA245,B,82
student51@mycsu.edu,FirstName51,LastName51,DATA220,A,98
student51@mycsu.edu,FirstName51,LastName51,DATA245,B,86
student51@mycsu.edu,FirstName51,LastName51,DATA228,A,94
student51@mycsu.edu,FirstName51,LastName51,DATA320,A,92
student52@mycsu.edu,FirstName52,LastName52,DATA220,B,88
student52@mycsu.edu,FirstName52,LastName52,DATA280,C,74
student52@mycsu.edu,FirstName52,LastName52,DATA245,F,14
student52@mycsu.edu,FirstName52,LastName52,DATA236,B,82
student53@mycsu.edu,FirstName53,LastName53,DATA280,A,91
student53@mycsu.edu,FirstName53,LastName53,DATA290,C,76
student53@mycsu.edu,FirstName53,LastName53,DATA266,F,26
student53@mycsu.edu,FirstName53,LastName53,DATA226,C,78
student54@mycsu.edu,FirstName54,LastName54,DATA220,C,71
student54@mycsu.edu,FirstName54,LastName54,DATA255,F,52
student54@mycsu.edu,FirstName54,LastName54,DATA275,B,85
student54@mycsu.edu,FirstName54,LastName54,DATA228,B,86
student55@mycsu.edu,FirstName55,LastName55,DATA300,A,98
student55@mycsu.edu,FirstName55,LastName55,DATA266,F,53
student55@mycsu.edu,FirstName55,LastName55,DATA290,B,85
student55@mycsu.edu,FirstName55,LastName55,DATA340,F,4
student56@mycsu.edu,FirstName56,LastName56,DATA360,B,87
student56@mycsu.edu,FirstName56,LastName56,DATA310,C,74
student56@mycsu.edu,FirstName56,LastName56,DATA330,C,78
student56@mycsu.edu,FirstName56,LastName56,DATA340,C,77
student57@mycsu.edu,FirstName57,LastName57,DATA320,D,64
student57@mycsu.edu,FirstName57,LastName57,DATA236,B,83
student57@mycsu.edu,FirstName57,LastName57,DATA228,B,89
student57@mycsu.edu,FirstName57,LastName57,DATA330,B,85
student58@mycsu.edu,FirstName58,LastName58,DATA310,D,63
student58@mycsu.edu,FirstName58,LastName58,DATA270,A,97
student58@mycsu.edu,FirstName58,LastName58,DATA300,B,82
student58@mycsu.edu,FirstName58,LastName58,DATA230,A,90
student59@mycsu.edu,FirstName59,LastName59,DATA300,F,20
student59@mycsu.edu,FirstName59,LastName59,DATA245,C,78
student59@mycsu.edu,FirstName59,LastName59,DATA290,D,60
student59@mycsu.edu,FirstName59,LastName59,DATA340,A,92
student60@mycsu.edu,FirstName60,LastName60,DATA290,F,58
student60@mycsu.edu,FirstName60,LastName60,DATA228,A,98
student60@mycsu.edu,FirstName60,LastName60,DATA236,B,88
student60@mycsu.edu,FirstName60,LastName60,DATA350,F,4
student61@mycsu.edu,FirstName61,LastName61,DATA290,D,66
student61@mycsu.edu,FirstName61,LastName61,DATA360,C,77
student61@mycsu.edu,FirstName61,LastName61,DATA350,A,99
student61@mycsu.edu,FirstName61,LastName61,DATA266,C,79
student62@mycsu.edu,FirstName62,LastName62,DATA226,C,77
student62@mycsu.edu,FirstName62,LastName62,DATA350,C,73
student62@mycsu.edu,FirstName62,LastName62,DATA280,B,88
student62@mycsu.edu,FirstName62,LastName62,DATA275,B,81
student63@mycsu.edu,FirstName63,LastName63,DATA230,C,74
student63@mycsu.edu,FirstName63,LastName63,DATA275,F,19
student63@mycsu.edu,FirstName63,LastName63,DATA270,C,77
student63@mycsu.edu,FirstName63,LastName63,DATA236,B,89
student64@mycsu.edu,FirstName64,LastName64,DATA320,D,64
student64@mycsu.edu,FirstName64,LastName64,DATA350,B,86
student64@mycsu.edu,FirstName64,LastName64,DATA230,F,21
student64@mycsu.edu,FirstName64,LastName64,DATA266,B,81
student65@mycsu.edu,FirstName65,LastName65,DATA226,C,70
student65@mycsu.edu,FirstName65,LastName65,DATA290,D,65
student65@mycsu.edu,FirstName65,LastName65,DATA230,C,77
student65@mycsu.edu,FirstName65,LastName65,DATA270,F,47
student66@mycsu.edu,FirstName66,LastName66,DATA340,B,81
student66@mycsu.edu,FirstName66,LastName66,DATA275,B,88
student66@mycsu.edu,FirstName66,LastName66,DATA266,F,52
student66@mycsu.edu,FirstName66,LastName66,DATA220,F,7
student67@mycsu.edu,FirstName67,LastName67,DATA228,D,63
student67@mycsu.edu,FirstName67,LastName67,DATA360,B,88
student67@mycsu.edu,FirstName67,LastName67,DATA245,A,93
student67@mycsu.edu,FirstName67,LastName67,DATA330,D,68
student68@mycsu.edu,FirstName68,LastName68,DATA266,B,87
student68@mycsu.edu,FirstName68,LastName68,DATA280,A,90
student68@mycsu.edu,FirstName68,LastName68,DATA300,C,75
student68@mycsu.edu,FirstName68,LastName68,DATA350,A,91
student69@mycsu.edu,FirstName69,LastName69,DATA236,F,45
student69@mycsu.edu,FirstName69,LastName69,DATA245,C,71
student69@mycsu.edu,FirstName69,LastName69,DATA226,A,94
student69@mycsu.edu,FirstName69,LastName69,DATA330,B,87
student70@mycsu.edu,FirstName70,LastName70,DATA220,C,79
student70@mycsu.edu,FirstName70,LastName70,DATA320,A,98
student70@mycsu.edu,FirstName70,LastName70,DATA280,A,99
student70@mycsu.edu,FirstName70,LastName70,DATA230,D,62
student71@mycsu.edu,FirstName71,LastName71,DATA230,F,33
student71@mycsu.edu,FirstName71,LastName71,DATA290,D,60
student71@mycsu.edu,FirstName71,LastName71,DATA266,A,93
student71@mycsu.edu,FirstName71,LastName71,DATA245,B,86
student72@mycsu.edu,FirstName72,LastName72,DATA245,A,100
student72@mycsu.edu,FirstName72,LastName72,DATA280,F,9
student72@mycsu.edu,FirstName72,LastName72,DATA275,C,76
student72@mycsu.edu,FirstName72,LastName72,DATA226,F,14
student73@mycsu.edu,FirstName73,LastName73,DATA350,B,89
student73@mycsu.edu,FirstName73,LastName73,DATA226,D,67
student73@mycsu.edu,FirstName73,LastName73,DATA330,A,99
student73@mycsu.edu,FirstName73,LastName73,DATA360,D,68
student74@mycsu.edu,FirstName74,LastName74,DATA266,F,44
student74@mycsu.edu,FirstName74,LastName74,DATA360,F,6
student74@mycsu.edu,FirstName74,LastName74,DATA330,C,73
student74@mycsu.edu,FirstName74,LastName74,DATA228,D,63
student75@mycsu.edu,FirstName75,LastName75,DATA320,B,80
student75@mycsu.edu,FirstName75,LastName75,DATA226,D,65
student75@mycsu.edu,FirstName75,LastName75,DATA310,D,64
student75@mycsu.edu,FirstName75,LastName75,DATA340,C,77
student76@mycsu.edu,FirstName76,LastName76,DATA275,D,68
student76@mycsu.edu,FirstName76,LastName76,DATA236,B,89
student76@mycsu.edu,FirstName76,LastName76,DATA330,A,96
student76@mycsu.edu,FirstName76,LastName76,DATA230,B,81
student77@mycsu.edu,FirstName77,LastName77,DATA350,F,27
student77@mycsu.edu,FirstName77,LastName77,DATA275,F,38
student77@mycsu.edu,FirstName77,LastName77,DATA226,F,0
student77@mycsu.edu,FirstName77,LastName77,DATA360,B,85
student78@mycsu.edu,FirstName78,LastName78,DATA236,A,100
student78@mycsu.edu,FirstName78,LastName78,DATA228,F,48
student78@mycsu.edu,FirstName78,LastName78,DATA275,A,95
student78@mycsu.edu,FirstName78,LastName78,DATA310,F,52
student79@mycsu.edu,FirstName79,LastName79,DATA290,A,90
student79@mycsu.edu,FirstName79,LastName79,DATA275,D,62
student79@mycsu.edu,FirstName79,LastName79,DATA236,F,26
student79@mycsu.edu,FirstName79,LastName79,DATA230,B,87
student80@mycsu.edu,FirstName80,LastName80,DATA320,B,87
student80@mycsu.edu,FirstName80,LastName80,DATA270,B,88
student80@mycsu.edu,FirstName80,LastName80,DATA360,A,90
student80@mycsu.edu,FirstName80,LastName80,DATA228,A,91
student81@mycsu.edu,FirstName81,LastName81,DATA290,F,33
student81@mycsu.edu,FirstName81,LastName81,DATA228,B,83
student81@mycsu.edu,FirstName81,LastName81,DATA350,C,72
student81@mycsu.edu,FirstName81,LastName81,DATA230,B,89
student82@mycsu.edu,FirstName82,LastName82,DATA290,D,64
student82@mycsu.edu,FirstName82,LastName82,DATA266,F,54
student82@mycsu.edu,FirstName82,LastName82,DATA220,D,69
student82@mycsu.edu,FirstName82,LastName82,DATA340,B,80
student83@mycsu.edu,FirstName83,LastName83,DATA350,C,73
student83@mycsu.edu,FirstName83,LastName83,DATA270,C,72
student83@mycsu.edu,FirstName83,LastName83,DATA320,F,13
student83@mycsu.edu,FirstName83,LastName83,DATA255,A,98
student84@mycsu.edu,FirstName84,LastName84,DATA266,D,62
student84@mycsu.edu,FirstName84,LastName84,DATA230,F,25
student84@mycsu.edu,FirstName84,LastName84,DATA220,A,94
student84@mycsu.edu,FirstName84,LastName84,DATA245,B,88
student85@mycsu.edu,FirstName85,LastName85,DATA270,A,91
student85@mycsu.edu,FirstName85,LastName85,DATA310,F,53
student85@mycsu.edu,FirstName85,LastName85,DATA320,B,87
student85@mycsu.edu,FirstName85,LastName85,DATA330,B,83
student86@mycsu.edu,FirstName86,LastName86,DATA360,C,75
student86@mycsu.edu,FirstName86,LastName86,DATA226,F,48
student86@mycsu.edu,FirstName86,LastName86,DATA220,C,71
student86@mycsu.edu,FirstName86,LastName86,DATA320,D,66
student87@mycsu.edu,FirstName87,LastName87,DATA320,C,75
student87@mycsu.edu,FirstName87,LastName87,DATA236,C,76
student87@mycsu.edu,FirstName87,LastName87,DATA300,C,70
student87@mycsu.edu,FirstName87,LastName87,DATA228,F,59
student88@mycsu.edu,FirstName88,LastName88,DATA280,C,70
student88@mycsu.edu,FirstName88,LastName88,DATA245,B,81
student88@mycsu.edu,FirstName88,LastName88,DATA330,D,65
student88@mycsu.edu,FirstName88,LastName88,DATA300,C,76
student89@mycsu.edu,FirstName89,LastName89,DATA330,A,96
student89@mycsu.edu,FirstName89,LastName89,DATA266,B,88
student89@mycsu.edu,FirstName89,LastName89,DATA275,D,68
student89@mycsu.edu,FirstName89,LastName89,DATA290,B,83
student90@mycsu.edu,FirstName90,LastName90,DATA226,C,73
student90@mycsu.edu,FirstName90,LastName90,DATA245,B,81
student90@mycsu.edu,FirstName90,LastName90,DATA310,A,90
student90@mycsu.edu,FirstName90,LastName90,DATA270,C,78
student91@mycsu.edu,FirstName91,LastName91,DATA360,D,63
student91@mycsu.edu,FirstName91,LastName91,DATA320,D,60
student91@mycsu.edu,FirstName91,LastName91,DATA310,F,33
student91@mycsu.edu,FirstName91,LastName91,DATA350,F,47
student92@mycsu.edu,FirstName92,LastName92,DATA300,D,68
student92@mycsu.edu,FirstName92,LastName92,DATA360,F,48
student92@mycsu.edu,FirstName92,LastName92,DATA266,A,94
student92@mycsu.edu,FirstName92,LastName92,DATA236,B,81
student93@mycsu.edu,FirstName93,LastName93,DATA230,A,97
student93@mycsu.edu,FirstName93,LastName93,DATA220,B,84
student93@mycsu.edu,FirstName93,LastName93,DATA350,D,63
student93@mycsu.edu,FirstName93,LastName93,DATA270,D,65
student94@mycsu.edu,FirstName94,LastName94,DATA290,B,86
student94@mycsu.edu,FirstName94,LastName94,DATA310,D,68
student94@mycsu.edu,FirstName94,LastName94,DATA255,D,61
student94@mycsu.edu,FirstName94,LastName94,DATA226,F,40
student95@mycsu.edu,FirstName95,LastName95,DATA310,C,70
student95@mycsu.edu,FirstName95,LastName95,DATA266,D,63
student95@mycsu.edu,FirstName95,LastName95,DATA230,B,89
student95@mycsu.edu,FirstName95,LastName95,DATA275,C,77
student96@mycsu.edu,FirstName96,LastName96,DATA320,F,42
student96@mycsu.edu,FirstName96,LastName96,DATA226,A,94
student96@mycsu.edu,FirstName96,LastName96,DATA350,D,69
student96@mycsu.edu,FirstName96,LastName96,DATA310,D,65
student97@mycsu.edu,FirstName97,LastName97,DATA226,C,71
student97@mycsu.edu,FirstName97,LastName97,DATA330,A,95
student97@mycsu.edu,FirstName97,LastName97,DATA340,B,84
student97@mycsu.edu,FirstName97,LastName97,DATA266,B,83
student98@mycsu.edu,FirstName98,LastName98,DATA360,D,67
student98@mycsu.edu,FirstName98,LastName98,DATA340,D,64
student98@mycsu.edu,FirstName98,LastName98,DATA230,C,78
student98@mycsu.edu,FirstName98,LastName98,DATA266,D,64
student99@mycsu.edu,FirstName99,LastName99,DATA290,C,76
student99@mycsu.edu,FirstName99,LastName99,DATA350,F,51
student99@mycsu.edu,FirstName99,LastName99,DATA360,F,19
student99@mycsu.edu,FirstName99,LastName99,DATA220,C,75
student100@mycsu.edu,FirstName100,LastName100,DATA275,F,14
student100@mycsu.edu,FirstName100,LastName100,DATA255,D,63
student100@mycsu.edu,FirstName100,LastName100,DATA300,F,8
student100@mycsu.edu,FirstName100,LastName100,DATA236,D,61
student101@mycsu.edu,FirstName101,LastName101,DATA226,D,61
student101@mycsu.edu,FirstName101,LastName101,DATA350,D,65
student101@mycsu.edu,FirstName101,LastName101,DATA280,C,76
student101@mycsu.edu,FirstName101,LastName101,DATA300,A,92
student102@mycsu.edu,FirstName102,LastName102,DATA228,A,95
student102@mycsu.edu,FirstName102,LastName102,DATA220,C,78
student102@mycsu.edu,FirstName102,LastName102,DATA320,F,33
student102@mycsu.edu,FirstName102,LastName102,DATA300,D,66
student103@mycsu.edu,FirstName103,LastName103,DATA360,A,92
student103@mycsu.edu,FirstName103,LastName103,DATA220,A,93
student103@mycsu.edu,FirstName103,LastName103,DATA320,A,95
student103@mycsu.edu,FirstName103,LastName103,DATA340,F,47
student104@mycsu.edu,FirstName104,LastName104,DATA255,D,60
student104@mycsu.edu,FirstName104,LastName104,DATA275,C,78
student104@mycsu.edu,FirstName104,LastName104,DATA280,A,97
student104@mycsu.edu,FirstName104,LastName104,DATA290,C,71
student105@mycsu.edu,FirstName105,LastName105,DATA290,B,83
student105@mycsu.edu,FirstName105,LastName105,DATA245,C,71
student105@mycsu.edu,FirstName105,LastName105,DATA228,C,74
student105@mycsu.edu,FirstName105,LastName105,DATA220,F,13
student106@mycsu.edu,FirstName106,LastName106,DATA280,D,66
student106@mycsu.edu,FirstName106,LastName106,DATA228,A,93
student106@mycsu.edu,FirstName106,LastName106,DATA266,B,85
student106@mycsu.edu,FirstName106,LastName106,DATA330,D,60
student107@mycsu.edu,FirstName107,LastName107,DATA350,F,31
student107@mycsu.edu,FirstName107,LastName107,DATA280,D,60
student107@mycsu.edu,FirstName107,LastName107,DATA270,B,87
student107@mycsu.edu,FirstName107,LastName107,DATA275,B,82
student108@mycsu.edu,FirstName108,LastName108,DATA270,A,98
student108@mycsu.edu,FirstName108,LastName108,DATA236,B,83
student108@mycsu.edu,FirstName108,LastName108,DATA230,D,69
student108@mycsu.edu,FirstName108,LastName108,DATA340,D,68
student109@mycsu.edu,FirstName109,LastName109,DATA310,D,63
student109@mycsu.edu,FirstName109,LastName109,DATA266,F,17
student109@mycsu.edu,FirstName109,LastName109,DATA275,A,100
student109@mycsu.edu,FirstName109,LastName109,DATA280,F,49
student110@mycsu.edu,FirstName110,LastName110,DATA300,A,96
student110@mycsu.edu,FirstName110,LastName110,DATA340,C,79
student110@mycsu.edu,FirstName110,LastName110,DATA330,D,64
student110@mycsu.edu,FirstName110,LastName110,DATA270,D,61
student111@mycsu.edu,FirstName111,LastName111,DATA266,C,73
student111@mycsu.edu,FirstName111,LastName111,DATA255,C,72
student111@mycsu.edu,FirstName111,LastName111,DATA270,B,85
student111@mycsu.edu,FirstName111,LastName111,DATA310,F,29
student112@mycsu.edu,FirstName112,LastName112,DATA320,F,51
student112@mycsu.edu,FirstName112,LastName112,DATA266,A,95
student112@mycsu.edu,FirstName112,LastName112,DATA340,A,100
student112@mycsu.edu,FirstName112,LastName112,DATA290,F,12
student113@mycsu.edu,FirstName113,LastName113,DATA290,D,63
student113@mycsu.edu,FirstName113,LastName113,DATA266,D,61
student113@mycsu.edu,FirstName113,LastName113,DATA360,C,75
student113@mycsu.edu,FirstName113,LastName113,DATA340,B,88
student114@mycsu.edu,FirstName114,LastName114,DATA360,D,64
student114@mycsu.edu,FirstName114,LastName114,DATA330,A,93
student114@mycsu.edu,FirstName114,LastName114,DATA350,D,69
student114@mycsu.edu,FirstName114,LastName114,DATA310,C,72
student115@mycsu.edu,FirstName115,LastName115,DATA220,A,98
student115@mycsu.edu,FirstName115,LastName115,DATA236,A,96
student115@mycsu.edu,FirstName115,LastName115,DATA245,A,100
student115@mycsu.edu,FirstName115,LastName115,DATA320,B,82
student116@mycsu.edu,FirstName116,LastName116,DATA266,B,89
student116@mycsu.edu,FirstName116,LastName116,DATA236,C,74
student116@mycsu.edu,FirstName116,LastName116,DATA340,A,99
student116@mycsu.edu,FirstName116,LastName116,DATA330,F,0
student117@mycsu.edu,FirstName117,LastName117,DATA320,B,86
student117@mycsu.edu,FirstName117,LastName117,DATA236,B,80
student117@mycsu.edu,FirstName117,LastName117,DATA226,B,80
student117@mycsu.edu,FirstName117,LastName117,DATA270,D,66
student118@mycsu.edu,FirstName118,LastName118,DATA266,B,81
student118@mycsu.edu,FirstName118,LastName118,DATA310,C,73
student118@mycsu.edu,FirstName118,LastName118,DATA330,F,28
student118@mycsu.edu,FirstName118,LastName118,DATA228,D,60
student119@mycsu.edu,FirstName119,LastName119,DATA290,C,78
student119@mycsu.edu,FirstName119,LastName119,DATA350,C,78
student119@mycsu.edu,FirstName119,LastName119,DATA226,F,19
student119@mycsu.edu,FirstName119,LastName119,DATA275,D,65
student120@mycsu.edu,FirstName120,LastName120,DATA226,D,68
student120@mycsu.edu,FirstName120,LastName120,DATA236,A,94
student120@mycsu.edu,FirstName120,LastName120,DATA320,D,68
student120@mycsu.edu,FirstName120,LastName120,DATA255,A,92
student121@mycsu.edu,FirstName121,LastName121,DATA255,C,73
student121@mycsu.edu,FirstName121,LastName121,DATA330,A,99
student121@mycsu.edu,FirstName121,LastName121,DATA220,C,74
student121@mycsu.edu,FirstName121,LastName121,DATA275,D,65
student122@mycsu.edu,FirstName122,LastName122,DATA280,C,71
student122@mycsu.edu,FirstName122,LastName122,DATA310,A,98
student122@mycsu.edu,FirstName122,LastName122,DATA245,D,61
student122@mycsu.edu,FirstName122,LastName122,DATA228,A,97
student123@mycsu.edu,FirstName123,LastName123,DATA226,A,97
student123@mycsu.edu,FirstName123,LastName123,DATA228,B,86
student123@mycsu.edu,FirstName123,LastName123,DATA300,A,92
student123@mycsu.edu,FirstName123,LastName123,DATA310,D,67
student124@mycsu.edu,FirstName124,LastName124,DATA245,A,98
student124@mycsu.edu,FirstName124,LastName124,DATA255,F,22
student124@mycsu.edu,FirstName124,LastName124,DATA228,B,83
student124@mycsu.edu,FirstName124,LastName124,DATA266,C,76
student125@mycsu.edu,FirstName125,LastName125,DATA280,B,88
student125@mycsu.edu,FirstName125,LastName125,DATA300,C,70
student125@mycsu.edu,FirstName125,LastName125,DATA270,C,73
student125@mycsu.edu,FirstName125,LastName125,DATA290,D,61
student126@mycsu.edu,FirstName126,LastName126,DATA236,C,70
student126@mycsu.edu,FirstName126,LastName126,DATA280,C,75
student126@mycsu.edu,FirstName126,LastName126,DATA330,B,87
student126@mycsu.edu,FirstName126,LastName126,DATA310,A,95
student127@mycsu.edu,FirstName127,LastName127,DATA255,C,77
student127@mycsu.edu,FirstName127,LastName127,DATA230,F,25
student127@mycsu.edu,FirstName127,LastName127,DATA300,D,61
student127@mycsu.edu,FirstName127,LastName127,DATA228,B,88
student128@mycsu.edu,FirstName128,LastName128,DATA330,B,80
student128@mycsu.edu,FirstName128,LastName128,DATA228,A,90
student128@mycsu.edu,FirstName128,LastName128,DATA310,B,85
student128@mycsu.edu,FirstName128,LastName128,DATA340,C,76
student129@mycsu.edu,FirstName129,LastName129,DATA220,D,63
student129@mycsu.edu,FirstName129,LastName129,DATA290,B,88
student129@mycsu.edu,FirstName129,LastName129,DATA350,D,62
student129@mycsu.edu,FirstName129,LastName129,DATA226,C,70
student130@mycsu.edu,FirstName130,LastName130,DATA340,A,96
student130@mycsu.edu,FirstName130,LastName130,DATA360,C,79
student130@mycsu.edu,FirstName130,LastName130,DATA350,B,83
student130@mycsu.edu,FirstName130,LastName130,DATA255,B,81
student131@mycsu.edu,FirstName131,LastName131,DATA310,D,68
student131@mycsu.edu,FirstName131,LastName131,DATA220,A,93
student131@mycsu.edu,FirstName131,LastName131,DATA236,A,93
student131@mycsu.edu,FirstName131,LastName131,DATA245,C,73
student132@mycsu.edu,FirstName132,LastName132,DATA220,C,71
student132@mycsu.edu,FirstName132,LastName132,DATA280,A,91
student132@mycsu.edu,FirstName132,LastName132,DATA310,F,10
student132@mycsu.edu,FirstName132,LastName132,DATA360,D,61
student133@mycsu.edu,FirstName133,LastName133,DATA300,D,61
student133@mycsu.edu,FirstName133,LastName133,DATA330,B,89
student133@mycsu.edu,FirstName133,LastName133,DATA270,A,97
student133@mycsu.edu,FirstName133,LastName133,DATA360,A,99
student134@mycsu.edu,FirstName134,LastName134,DATA266,F,13
student134@mycsu.edu,FirstName134,LastName134,DATA220,B,81
student134@mycsu.edu,FirstName134,LastName134,DATA310,C,79
student134@mycsu.edu,FirstName134,LastName134,DATA270,B,87
student135@mycsu.edu,FirstName135,LastName135,DATA310,B,80
student135@mycsu.edu,FirstName135,LastName135,DATA320,F,12
student135@mycsu.edu,FirstName135,LastName135,DATA275,A,94
student135@mycsu.edu,FirstName135,LastName135,DATA255,C,77
student136@mycsu.edu,FirstName136,LastName136,DATA266,C,72
student136@mycsu.edu,FirstName136,LastName136,DATA290,C,74
student136@mycsu.edu,FirstName136,LastName136,DATA320,C,73
student136@mycsu.edu,FirstName136,LastName136,DATA340,C,71
student137@mycsu.edu,FirstName137,LastName137,DATA280,C,70
student137@mycsu.edu,FirstName137,LastName137,DATA226,C,77
student137@mycsu.edu,FirstName137,LastName137,DATA275,C,74
student137@mycsu.edu,FirstName137,LastName137,DATA290,F,55
student138@mycsu.edu,FirstName138,LastName138,DATA330,A,93
student138@mycsu.edu,FirstName138,LastName138,DATA360,B,83
student138@mycsu.edu,FirstName138,LastName138,DATA320,D,64
student138@mycsu.edu,FirstName138,LastName138,DATA220,A,100
student139@mycsu.edu,FirstName139,LastName139,DATA290,A,95
student139@mycsu.edu,FirstName139,LastName139,DATA236,B,84
student139@mycsu.edu,FirstName139,LastName139,DATA330,C,73
student139@mycsu.edu,FirstName139,LastName139,DATA245,A,91
student140@mycsu.edu,FirstName140,LastName140,DATA340,D,69
student140@mycsu.edu,FirstName140,LastName140,DATA350,A,97
student140@mycsu.edu,FirstName140,LastName140,DATA236,D,65
student140@mycsu.edu,FirstName140,LastName140,DATA228,A,94
student141@mycsu.edu,FirstName141,LastName141,DATA245,A,91
student141@mycsu.edu,FirstName141,LastName141,DATA226,A,90
student141@mycsu.edu,FirstName141,LastName141,DATA310,A,93
student141@mycsu.edu,FirstName141,LastName141,DATA236,D,66
student142@mycsu.edu,FirstName142,LastName142,DATA290,B,88
student142@mycsu.edu,FirstName142,LastName142,DATA228,A,99
student142@mycsu.edu,FirstName142,LastName142,DATA270,F,19
student142@mycsu.edu,FirstName142,LastName142,DATA245,F,41
student143@mycsu.edu,FirstName143,LastName143,DATA270,A,98
student143@mycsu.edu,FirstName143,LastName143,DATA330,C,70
student143@mycsu.edu,FirstName143,LastName143,DATA266,B,87
student143@mycsu.edu,FirstName143,LastName143,DATA236,A,90
student144@mycsu.edu,FirstName144,LastName144,DATA220,B,84
student144@mycsu.edu,FirstName144,LastName144,DATA266,C,71
student144@mycsu.edu,FirstName144,LastName144,DATA310,C,76
student144@mycsu.edu,FirstName144,LastName144,DATA236,F,58
student145@mycsu.edu,FirstName145,LastName145,DATA255,B,82
student145@mycsu.edu,FirstName145,LastName145,DATA300,F,22
student145@mycsu.edu,FirstName145,LastName145,DATA226,D,66
student145@mycsu.edu,FirstName145,LastName145,DATA220,F,34
student146@mycsu.edu,FirstName146,LastName146,DATA275,F,7
student146@mycsu.edu,FirstName146,LastName146,DATA236,F,34
student146@mycsu.edu,FirstName146,LastName146,DATA320,D,62
student146@mycsu.edu,FirstName146,LastName146,DATA330,B,81
student147@mycsu.edu,FirstName147,LastName147,DATA300,C,79
student147@mycsu.edu,FirstName147,LastName147,DATA360,C,75
student147@mycsu.edu,FirstName147,LastName147,DATA255,D,65
student147@mycsu.edu,FirstName147,LastName147,DATA236,F,56
student148@mycsu.edu,FirstName148,LastName148,DATA226,A,96
student148@mycsu.edu,FirstName148,LastName148,DATA245,B,86
student148@mycsu.edu,FirstName148,LastName148,DATA300,B,85
student148@mycsu.edu,FirstName148,LastName148,DATA340,C,73
student149@mycsu.edu,FirstName149,LastName149,DATA275,B,87
student149@mycsu.edu,FirstName149,LastName149,DATA255,B,89
student149@mycsu.edu,FirstName149,LastName149,DATA280,B,84
student149@mycsu.edu,FirstName149,LastName149,DATA220,F,9
student150@mycsu.edu,FirstName150,LastName150,DATA226,C,76
student150@mycsu.edu,FirstName150,LastName150,DATA270,D,63
student150@mycsu.edu,FirstName150,LastName150,DATA330,F,12
student150@mycsu.edu,FirstName150,LastName150,DATA245,D,62
student151@mycsu.edu,FirstName151,LastName151,DATA266,F,11
student151@mycsu.edu,FirstName151,LastName151,DATA220,D,68
student151@mycsu.edu,FirstName151,LastName151,DATA228,B,85
student151@mycsu.edu,FirstName151,LastName151,DATA350,B,86
student152@mycsu.edu,FirstName152,LastName152,DATA290,C,74
student152@mycsu.edu,FirstName152,LastName152,DATA310,C,74
student152@mycsu.edu,FirstName152,LastName152,DATA340,F,16
student152@mycsu.edu,FirstName152,LastName152,DATA220,A,97
student153@mycsu.edu,FirstName153,LastName153,DATA236,D,68
student153@mycsu.edu,FirstName153,LastName153,DATA275,A,90
student153@mycsu.edu,FirstName153,LastName153,DATA340,B,84
student153@mycsu.edu,FirstName153,LastName153,DATA320,B,88
student154@mycsu.edu,FirstName154,LastName154,DATA270,C,76
student154@mycsu.edu,FirstName154,LastName154,DATA350,D,66
student154@mycsu.edu,FirstName154,LastName154,DATA320,F,2
student154@mycsu.edu,FirstName154,LastName154,DATA300,F,16
student155@mycsu.edu,FirstName155,LastName155,DATA350,F,8
student155@mycsu.edu,FirstName155,LastName155,DATA226,D,64
student155@mycsu.edu,FirstName155,LastName155,DATA340,C,73
student155@mycsu.edu,FirstName155,LastName155,DATA330,A,97
student156@mycsu.edu,FirstName156,LastName156,DATA226,B,87
student156@mycsu.edu,FirstName156,LastName156,DATA350,F,55
student156@mycsu.edu,FirstName156,LastName156,DATA320,C,78
student156@mycsu.edu,FirstName156,LastName156,DATA220,C,78
student157@mycsu.edu,FirstName157,LastName157,DATA280,A,92
student157@mycsu.edu,FirstName157,LastName157,DATA226,D,61
student157@mycsu.edu,FirstName157,LastName157,DATA220,C,70
student157@mycsu.edu,FirstName157,LastName157,DATA340,A,92
student158@mycsu.edu,FirstName158,LastName158,DATA275,A,91
student158@mycsu.edu,FirstName158,LastName158,DATA228,B,84
student158@mycsu.edu,FirstName158,LastName158,DATA245,A,100
student158@mycsu.edu,FirstName158,LastName158,DATA320,B,81
student159@mycsu.edu,FirstName159,LastName159,DATA236,C,72
student159@mycsu.edu,FirstName159,LastName159,DATA266,C,75
student159@mycsu.edu,FirstName159,LastName159,DATA255,C,70
student159@mycsu.edu,FirstName159,LastName159,DATA340,F,51
student160@mycsu.edu,FirstName160,LastName160,DATA220,B,88
student160@mycsu.edu,FirstName160,LastName160,DATA360,F,19
student160@mycsu.edu,FirstName160,LastName160,DATA270,C,77
student160@mycsu.edu,FirstName160,LastName160,DATA280,A,95
student161@mycsu.edu,FirstName161,LastName161,DATA340,D,67
student161@mycsu.edu,FirstName161,LastName161,DATA290,F,35
student161@mycsu.edu,FirstName161,LastName161,DATA266,A,100
student161@mycsu.edu,FirstName161,LastName161,DATA275,C,77
student162@mycsu.edu,FirstName162,LastName162,DATA310,A,91
student162@mycsu.edu,FirstName162,LastName162,DATA290,F,20
student162@mycsu.edu,FirstName162,LastName162,DATA300,F,56
student162@mycsu.edu,FirstName162,LastName162,DATA280,D,68
student163@mycsu.edu,FirstName163,LastName163,DATA255,D,61
student163@mycsu.edu,FirstName163,LastName163,DATA228,F,36
student163@mycsu.edu,FirstName163,LastName163,DATA300,F,41
student163@mycsu.edu,FirstName163,LastName163,DATA280,B,87
student164@mycsu.edu,FirstName164,LastName164,DATA228,A,99
student164@mycsu.edu,FirstName164,LastName164,DATA226,C,78
student164@mycsu.edu,FirstName164,LastName164,DATA350,C,72
student164@mycsu.edu,FirstName164,LastName164,DATA290,B,83
student165@mycsu.edu,FirstName165,LastName165,DATA230,D,62
student165@mycsu.edu,FirstName165,LastName165,DATA310,F,53
student165@mycsu.edu,FirstName165,LastName165,DATA350,C,77
student165@mycsu.edu,FirstName165,LastName165,DATA255,A,96
student166@mycsu.edu,FirstName166,LastName166,DATA245,C,70
student166@mycsu.edu,FirstName166,LastName166,DATA360,A,100
student166@mycsu.edu,FirstName166,LastName166,DATA310,B,89
student166@mycsu.edu,FirstName166,LastName166,DATA270,B,83
student167@mycsu.edu,FirstName167,LastName167,DATA340,B,80
student167@mycsu.edu,FirstName167,LastName167,DATA220,C,77
student167@mycsu.edu,FirstName167,LastName167,DATA275,D,64
student167@mycsu.edu,FirstName167,LastName167,DATA236,B,86
student168@mycsu.edu,FirstName168,LastName168,DATA228,C,72
student168@mycsu.edu,FirstName168,LastName168,DATA300,B,88
student168@mycsu.edu,FirstName168,LastName168,DATA226,B,87
student168@mycsu.edu,FirstName168,LastName168,DATA270,D,69
student169@mycsu.edu,FirstName169,LastName169,DATA245,A,96
student169@mycsu.edu,FirstName169,LastName169,DATA350,F,30
student169@mycsu.edu,FirstName169,LastName169,DATA300,A,99
student169@mycsu.edu,FirstName169,LastName169,DATA266,C,72
student170@mycsu.edu,FirstName170,LastName170,DATA310,F,38
student170@mycsu.edu,FirstName170,LastName170,DATA228,F,23
student170@mycsu.edu,FirstName170,LastName170,DATA220,D,68
student170@mycsu.edu,FirstName170,LastName170,DATA300,A,99
student171@mycsu.edu,FirstName171,LastName171,DATA280,D,64
student171@mycsu.edu,FirstName171,LastName171,DATA340,C,76
student171@mycsu.edu,FirstName171,LastName171,DATA226,C,70
student171@mycsu.edu,FirstName171,LastName171,DATA360,F,9
student172@mycsu.edu,FirstName172,LastName172,DATA340,A,90
student172@mycsu.edu,FirstName172,LastName172,DATA310,B,85
student172@mycsu.edu,FirstName172,LastName172,DATA266,D,66
student172@mycsu.edu,FirstName172,LastName172,DATA230,C,75
student173@mycsu.edu,FirstName173,LastName173,DATA228,F,8
student173@mycsu.edu,FirstName173,LastName173,DATA245,D,68
student173@mycsu.edu,FirstName173,LastName173,DATA280,C,72
student173@mycsu.edu,FirstName173,LastName173,DATA270,D,66
student174@mycsu.edu,FirstName174,LastName174,DATA350,A,91
student174@mycsu.edu,FirstName174,LastName174,DATA266,D,67
student174@mycsu.edu,FirstName174,LastName174,DATA360,C,76
student174@mycsu.edu,FirstName174,LastName174,DATA270,A,96
student175@mycsu.edu,FirstName175,LastName175,DATA255,C,79
student175@mycsu.edu,FirstName175,LastName175,DATA310,A,100
student175@mycsu.edu,FirstName175,LastName175,DATA236,D,68
student175@mycsu.edu,FirstName175,LastName175,DATA340,B,83
student176@mycsu.edu,FirstName176,LastName176,DATA320,F,21
student176@mycsu.edu,FirstName176,LastName176,DATA266,D,62
student176@mycsu.edu,FirstName176,LastName176,DATA360,C,76
student176@mycsu.edu,FirstName176,LastName176,DATA310,F,9
student177@mycsu.edu,FirstName177,LastName177,DATA236,D,68
student177@mycsu.edu,FirstName177,LastName177,DATA290,A,98
student177@mycsu.edu,FirstName177,LastName177,DATA360,C,78
student177@mycsu.edu,FirstName177,LastName177,DATA226,B,85
student178@mycsu.edu,FirstName178,LastName178,DATA360,C,71
student178@mycsu.edu,FirstName178,LastName178,DATA230,F,44
student178@mycsu.edu,FirstName178,LastName178,DATA275,C,78
student178@mycsu.edu,FirstName178,LastName178,DATA320,D,64
student179@mycsu.edu,FirstName179,LastName179,DATA220,B,82
student179@mycsu.edu,FirstName179,LastName179,DATA245,A,94
student179@mycsu.edu,FirstName179,LastName179,DATA266,C,74
student179@mycsu.edu,FirstName179,LastName179,DATA300,F,24
student180@mycsu.edu,FirstName180,LastName180,DATA230,D,66
student180@mycsu.edu,FirstName180,LastName180,DATA330,D,63
student180@mycsu.edu,FirstName180,LastName180,DATA226,A,98
student180@mycsu.edu,FirstName180,LastName180,DATA275,A,90
student181@mycsu.edu,FirstName181,LastName181,DATA220,D,65
student181@mycsu.edu,FirstName181,LastName181,DATA280,A,90
student181@mycsu.edu,FirstName181,LastName181,DATA245,B,80
student181@mycsu.edu,FirstName181,LastName181,DATA300,B,89
student182@mycsu.edu,FirstName182,LastName182,DATA300,D,68
student182@mycsu.edu,FirstName182,LastName182,DATA275,F,26
student182@mycsu.edu,FirstName182,LastName182,DATA330,A,93
student182@mycsu.edu,FirstName182,LastName182,DATA270,C,77
student183@mycsu.edu,FirstName183,LastName183,DATA230,F,16
student183@mycsu.edu,FirstName183,LastName183,DATA310,B,87
student183@mycsu.edu,FirstName183,LastName183,DATA340,F,53
student183@mycsu.edu,FirstName183,LastName183,DATA360,C,73
student184@mycsu.edu,FirstName184,LastName184,DATA226,A,92
student184@mycsu.edu,FirstName184,LastName184,DATA236,C,71
student184@mycsu.edu,FirstName184,LastName184,DATA228,F,29
student184@mycsu.edu,FirstName184,LastName184,DATA310,C,79
student185@mycsu.edu,FirstName185,LastName185,DATA360,A,92
student185@mycsu.edu,FirstName185,LastName185,DATA275,C,77
student185@mycsu.edu,FirstName185,LastName185,DATA266,A,90
student185@mycsu.edu,FirstName185,LastName185,DATA350,C,72
student186@mycsu.edu,FirstName186,LastName186,DATA320,B,81
student186@mycsu.edu,FirstName186,LastName186,DATA220,C,73
student186@mycsu.edu,FirstName186,LastName186,DATA245,B,82
student186@mycsu.edu,FirstName186,LastName186,DATA360,A,94
student187@mycsu.edu,FirstName187,LastName187,DATA310,C,70
student187@mycsu.edu,FirstName187,LastName187,DATA255,A,100
student187@mycsu.edu,FirstName187,LastName187,DATA275,A,98
student187@mycsu.edu,FirstName187,LastName187,DATA266,A,97
student188@mycsu.edu,FirstName188,LastName188,DATA330,A,95
student188@mycsu.edu,FirstName188,LastName188,DATA266,D,60
student188@mycsu.edu,FirstName188,LastName188,DATA360,D,64
student188@mycsu.edu,FirstName188,LastName188,DATA220,D,64
student189@mycsu.edu,FirstName189,LastName189,DATA230,D,61
student189@mycsu.edu,FirstName189,LastName189,DATA320,F,45
student189@mycsu.edu,FirstName189,LastName189,DATA255,B,87
student189@mycsu.edu,FirstName189,LastName189,DATA290,B,86
student190@mycsu.edu,FirstName190,LastName190,DATA255,A,96
student190@mycsu.edu,FirstName190,LastName190,DATA270,C,70
student190@mycsu.edu,FirstName190,LastName190,DATA245,D,67
student190@mycsu.edu,FirstName190,LastName190,DATA236,B,81
student191@mycsu.edu,FirstName191,LastName191,DATA340,F,49
student191@mycsu.edu,FirstName191,LastName191,DATA220,B,82
student191@mycsu.edu,FirstName191,LastName191,DATA255,D,69
student191@mycsu.edu,FirstName191,LastName191,DATA228,B,83
student192@mycsu.edu,FirstName192,LastName192,DATA290,F,2
student192@mycsu.edu,FirstName192,LastName192,DATA266,C,78
student192@mycsu.edu,FirstName192,LastName192,DATA360,D,63
student192@mycsu.edu,FirstName192,LastName192,DATA226,F,46
student193@mycsu.edu,FirstName193,LastName193,DATA245,F,16
student193@mycsu.edu,FirstName193,LastName193,DATA290,B,85
student193@mycsu.edu,FirstName193,LastName193,DATA320,A,90
student193@mycsu.edu,FirstName193,LastName193,DATA360,F,27
student194@mycsu.edu,FirstName194,LastName194,DATA300,B,86
student194@mycsu.edu,FirstName194,LastName194,DATA228,B,89
student194@mycsu.edu,FirstName194,LastName194,DATA330,B,84
student194@mycsu.edu,FirstName194,LastName194,DATA245,A,99
student195@mycsu.edu,FirstName195,LastName195,DATA320,B,87
student195@mycsu.edu,FirstName195,LastName195,DATA245,D,67
student195@mycsu.edu,FirstName195,LastName195,DATA236,D,65
student195@mycsu.edu,FirstName195,LastName195,DATA290,C,74
student196@mycsu.edu,FirstName196,LastName196,DATA230,D,65
student196@mycsu.edu,FirstName196,LastName196,DATA245,C,76
student196@mycsu.edu,FirstName196,LastName196,DATA226,A,94
student196@mycsu.edu,FirstName196,LastName196,DATA280,D,66
student197@mycsu.edu,FirstName197,LastName197,DATA340,D,60
student197@mycsu.edu,FirstName197,LastName197,DATA300,A,93
student197@mycsu.edu,FirstName197,LastName197,DATA220,D,69
student197@mycsu.edu,FirstName197,LastName197,DATA290,F,44
student198@mycsu.edu,FirstName198,LastName198,DATA310,C,73
student198@mycsu.edu,FirstName198,LastName198,DATA300,D,65
student198@mycsu.edu,FirstName198,LastName198,DATA236,A,90
student198@mycsu.edu,FirstName198,LastName198,DATA280,A,98
student199@mycsu.edu,FirstName199,LastName199,DATA245,B,85
student199@mycsu.edu,FirstName199,LastName199,DATA228,D,62
student199@mycsu.edu,FirstName199,LastName199,DATA226,D,62
student199@mycsu.edu,FirstName199,LastName199,DATA340,F,7
student200@mycsu.edu,FirstName200,LastName200,DATA350,C,75
student200@mycsu.edu,FirstName200,LastName200,DATA226,F,30
student200@mycsu.edu,FirstName200,LastName200,DATA310,A,93
student200@mycsu.edu,FirstName200,LastName200,DATA330,A,90
student201@mycsu.edu,FirstName201,LastName201,DATA320,A,95
student201@mycsu.edu,FirstName201,LastName201,DATA360,C,73
student201@mycsu.edu,FirstName201,LastName201,DATA230,C,77
student201@mycsu.edu,FirstName201,LastName201,DATA310,B,83
student202@mycsu.edu,FirstName202,LastName202,DATA236,C,79
student202@mycsu.edu,FirstName202,LastName202,DATA330,B,87
student202@mycsu.edu,FirstName202,LastName202,DATA230,B,80
student202@mycsu.edu,FirstName202,LastName202,DATA226,F,46
student203@mycsu.edu,FirstName203,LastName203,DATA280,F,25
student203@mycsu.edu,FirstName203,LastName203,DATA310,D,67
student203@mycsu.edu,FirstName203,LastName203,DATA266,B,88
student203@mycsu.edu,FirstName203,LastName203,DATA350,D,69
student204@mycsu.edu,FirstName204,LastName204,DATA360,F,38
student204@mycsu.edu,FirstName204,LastName204,DATA320,C,73
student204@mycsu.edu,FirstName204,LastName204,DATA255,A,94
student204@mycsu.edu,FirstName204,LastName204,DATA226,B,82
student205@mycsu.edu,FirstName205,LastName205,DATA310,A,95
student205@mycsu.edu,FirstName205,LastName205,DATA275,C,79
student205@mycsu.edu,FirstName205,LastName205,DATA255,A,97
student205@mycsu.edu,FirstName205,LastName205,DATA228,D,60
student206@mycsu.edu,FirstName206,LastName206,DATA360,B,89
student206@mycsu.edu,FirstName206,LastName206,DATA270,F,20
student206@mycsu.edu,FirstName206,LastName206,DATA290,F,38
student206@mycsu.edu,FirstName206,LastName206,DATA220,B,80
student207@mycsu.edu,FirstName207,LastName207,DATA275,A,94
student207@mycsu.edu,FirstName207,LastName207,DATA270,A,91
student207@mycsu.edu,FirstName207,LastName207,DATA226,A,100
student207@mycsu.edu,FirstName207,LastName207,DATA236,B,85
student208@mycsu.edu,FirstName208,LastName208,DATA236,D,63
student208@mycsu.edu,FirstName208,LastName208,DATA266,C,78
student208@mycsu.edu,FirstName208,LastName208,DATA330,B,85
student208@mycsu.edu,FirstName208,LastName208,DATA245,B,80
student209@mycsu.edu,FirstName209,LastName209,DATA255,A,98
student209@mycsu.edu,FirstName209,LastName209,DATA340,C,75
student209@mycsu.edu,FirstName209,LastName209,DATA275,A,94
student209@mycsu.edu,FirstName209,LastName209,DATA230,D,67
student210@mycsu.edu,FirstName210,LastName210,DATA226,A,94
student210@mycsu.edu,FirstName210,LastName210,DATA320,F,36
student210@mycsu.edu,FirstName210,LastName210,DATA340,A,95
student210@mycsu.edu,FirstName210,LastName210,DATA245,C,72
student211@mycsu.edu,FirstName211,LastName211,DATA255,B,82
student211@mycsu.edu,FirstName211,LastName211,DATA340,A,95
student211@mycsu.edu,FirstName211,LastName211,DATA350,D,64
student211@mycsu.edu,FirstName211,LastName211,DATA275,F,12
student212@mycsu.edu,FirstName212,LastName212,DATA266,D,61
student212@mycsu.edu,FirstName212,LastName212,DATA228,B,89
student212@mycsu.edu,FirstName212,LastName212,DATA360,D,66
student212@mycsu.edu,FirstName212,LastName212,DATA330,C,76
student213@mycsu.edu,FirstName213,LastName213,DATA300,B,84
student213@mycsu.edu,FirstName213,LastName213,DATA230,B,89
student213@mycsu.edu,FirstName213,LastName213,DATA290,C,75
student213@mycsu.edu,FirstName213,LastName213,DATA360,A,99
student214@mycsu.edu,FirstName214,LastName214,DATA226,D,65
student214@mycsu.edu,FirstName214,LastName214,DATA230,B,80
student214@mycsu.edu,FirstName214,LastName214,DATA320,D,61
student214@mycsu.edu,FirstName214,LastName214,DATA270,A,91
student215@mycsu.edu,FirstName215,LastName215,DATA230,C,78
student215@mycsu.edu,FirstName215,LastName215,DATA275,B,84
student215@mycsu.edu,FirstName215,LastName215,DATA350,D,65
student215@mycsu.edu,FirstName215,LastName215,DATA236,F,46
student216@mycsu.edu,FirstName216,LastName216,DATA350,A,92
student216@mycsu.edu,FirstName216,LastName216,DATA320,C,70
student216@mycsu.edu,FirstName216,LastName216,DATA236,C,74
student216@mycsu.edu,FirstName216,LastName216,DATA275,D,69
student217@mycsu.edu,FirstName217,LastName217,DATA255,D,68
student217@mycsu.edu,FirstName217,LastName217,DATA230,C,74
student217@mycsu.edu,FirstName217,LastName217,DATA330,B,83
student217@mycsu.edu,FirstName217,LastName217,DATA266,D,62
student218@mycsu.edu,FirstName218,LastName218,DATA270,F,40
student218@mycsu.edu,FirstName218,LastName218,DATA275,A,94
student218@mycsu.edu,FirstName218,LastName218,DATA330,A,92
student218@mycsu.edu,FirstName218,LastName218,DATA230,A,96
student219@mycsu.edu,FirstName219,LastName219,DATA270,B,84
student219@mycsu.edu,FirstName219,LastName219,DATA330,A,97
student219@mycsu.edu,FirstName219,LastName219,DATA230,A,96
student219@mycsu.edu,FirstName219,LastName219,DATA266,C,73
student220@mycsu.edu,FirstName220,LastName220,DATA255,C,77
student220@mycsu.edu,FirstName220,LastName220,DATA266,D,62
student220@mycsu.edu,FirstName220,LastName220,DATA300,B,82
student220@mycsu.edu,FirstName220,LastName220,DATA350,D,64
student221@mycsu.edu,FirstName221,LastName221,DATA280,A,91
student221@mycsu.edu,FirstName221,LastName221,DATA245,F,26
student221@mycsu.edu,FirstName221,LastName221,DATA226,B,87
student221@mycsu.edu,FirstName221,LastName221,DATA275,C,79
student222@mycsu.edu,FirstName222,LastName222,DATA226,A,95
student222@mycsu.edu,FirstName222,LastName222,DATA266,C,70
student222@mycsu.edu,FirstName222,LastName222,DATA275,F,31
student222@mycsu.edu,FirstName222,LastName222,DATA245,B,85
student223@mycsu.edu,FirstName223,LastName223,DATA360,F,10
student223@mycsu.edu,FirstName223,LastName223,DATA340,A,98
student223@mycsu.edu,FirstName223,LastName223,DATA230,A,96
student223@mycsu.edu,FirstName223,LastName223,DATA320,D,60
student224@mycsu.edu,FirstName224,LastName224,DATA300,C,75
student224@mycsu.edu,FirstName224,LastName224,DATA255,A,92
student224@mycsu.edu,FirstName224,LastName224,DATA340,C,75
student224@mycsu.edu,FirstName224,LastName224,DATA330,B,87
student225@mycsu.edu,FirstName225,LastName225,DATA255,A,97
student225@mycsu.edu,FirstName225,LastName225,DATA300,C,77
student225@mycsu.edu,FirstName225,LastName225,DATA320,B,88
student225@mycsu.edu,FirstName225,LastName225,DATA290,A,93
student226@mycsu.edu,FirstName226,LastName226,DATA290,F,30
student226@mycsu.edu,FirstName226,LastName226,DATA275,B,87
student226@mycsu.edu,FirstName226,LastName226,DATA330,B,89
student226@mycsu.edu,FirstName226,LastName226,DATA310,F,56
student227@mycsu.edu,FirstName227,LastName227,DATA340,C,70
student227@mycsu.edu,FirstName227,LastName227,DATA275,A,100
student227@mycsu.edu,FirstName227,LastName227,DATA300,C,75
student227@mycsu.edu,FirstName227,LastName227,DATA228,D,67
student228@mycsu.edu,FirstName228,LastName228,DATA228,C,70
student228@mycsu.edu,FirstName228,LastName228,DATA280,C,75
student228@mycsu.edu,FirstName228,LastName228,DATA330,A,92
student228@mycsu.edu,FirstName228,LastName228,DATA320,D,60
student229@mycsu.edu,FirstName229,LastName229,DATA280,C,79
student229@mycsu.edu,FirstName229,LastName229,DATA245,D,65
student229@mycsu.edu,FirstName229,LastName229,DATA350,F,39
student229@mycsu.edu,FirstName229,LastName229,DATA310,B,89
student230@mycsu.edu,FirstName230,LastName230,DATA350,C,78
student230@mycsu.edu,FirstName230,LastName230,DATA226,F,29
student230@mycsu.edu,FirstName230,LastName230,DATA310,D,64
student230@mycsu.edu,FirstName230,LastName230,DATA236,D,67
student231@mycsu.edu,FirstName231,LastName231,DATA228,F,46
student231@mycsu.edu,FirstName231,LastName231,DATA290,C,70
student231@mycsu.edu,FirstName231,LastName231,DATA310,C,74
student231@mycsu.edu,FirstName231,LastName231,DATA245,A,95
student232@mycsu.edu,FirstName232,LastName232,DATA245,C,70
student232@mycsu.edu,FirstName232,LastName232,DATA350,F,32
student232@mycsu.edu,FirstName232,LastName232,DATA266,B,81
student232@mycsu.edu,FirstName232,LastName232,DATA255,D,63
student233@mycsu.edu,FirstName233,LastName233,DATA290,D,60
student233@mycsu.edu,FirstName233,LastName233,DATA236,C,72
student233@mycsu.edu,FirstName233,LastName233,DATA360,D,67
student233@mycsu.edu,FirstName233,LastName233,DATA275,C,76
student234@mycsu.edu,FirstName234,LastName234,DATA320,F,50
student234@mycsu.edu,FirstName234,LastName234,DATA220,A,98
student234@mycsu.edu,FirstName234,LastName234,DATA270,C,73
student234@mycsu.edu,FirstName234,LastName234,DATA300,D,61
student235@mycsu.edu,FirstName235,LastName235,DATA350,B,88
student235@mycsu.edu,FirstName235,LastName235,DATA360,F,36
student235@mycsu.edu,FirstName235,LastName235,DATA280,B,85
student235@mycsu.edu,FirstName235,LastName235,DATA220,C,72
student236@mycsu.edu,FirstName236,LastName236,DATA330,D,69
student236@mycsu.edu,FirstName236,LastName236,DATA245,D,67
student236@mycsu.edu,FirstName236,LastName236,DATA266,F,3
student236@mycsu.edu,FirstName236,LastName236,DATA290,C,73
student237@mycsu.edu,FirstName237,LastName237,DATA230,F,59
student237@mycsu.edu,FirstName237,LastName237,DATA266,D,67
student237@mycsu.edu,FirstName237,LastName237,DATA360,F,0
student237@mycsu.edu,FirstName237,LastName237,DATA236,C,74
student238@mycsu.edu,FirstName238,LastName238,DATA290,D,64
student238@mycsu.edu,FirstName238,LastName238,DATA330,F,43
student238@mycsu.edu,FirstName238,LastName238,DATA300,C,79
student238@mycsu.edu,FirstName238,LastName238,DATA340,B,86
student239@mycsu.edu,FirstName239,LastName239,DATA340,B,87
student239@mycsu.edu,FirstName239,LastName239,DATA226,A,95
student239@mycsu.edu,FirstName239,LastName239,DATA255,A,91
student239@mycsu.edu,FirstName239,LastName239,DATA220,D,62
student240@mycsu.edu,FirstName240,LastName240,DATA290,D,62
student240@mycsu.edu,FirstName240,LastName240,DATA300,F,15
student240@mycsu.edu,FirstName240,LastName240,DATA245,C,72
student240@mycsu.edu,FirstName240,LastName240,DATA340,A,97
student241@mycsu.edu,FirstName241,LastName241,DATA228,C,79
student241@mycsu.edu,FirstName241,LastName241,DATA266,C,79
student241@mycsu.edu,FirstName241,LastName241,DATA360,C,76
student241@mycsu.edu,FirstName241,LastName241,DATA255,B,86
student242@mycsu.edu,FirstName242,LastName242,DATA245,D,66
student242@mycsu.edu,FirstName242,LastName242,DATA230,F,49
student242@mycsu.edu,FirstName242,LastName242,DATA228,D,64
student242@mycsu.edu,FirstName242,LastName242,DATA275,C,79
student243@mycsu.edu,FirstName243,LastName243,DATA290,D,68
student243@mycsu.edu,FirstName243,LastName243,DATA245,B,85
student243@mycsu.edu,FirstName243,LastName243,DATA236,B,82
student243@mycsu.edu,FirstName243,LastName243,DATA360,C,70
student244@mycsu.edu,FirstName244,LastName244,DATA226,A,93
student244@mycsu.edu,FirstName244,LastName244,DATA220,D,69
student244@mycsu.edu,FirstName244,LastName244,DATA228,D,69
student244@mycsu.edu,FirstName244,LastName244,DATA320,B,87
student245@mycsu.edu,FirstName245,LastName245,DATA236,C,72
student245@mycsu.edu,FirstName245,LastName245,DATA230,D,64
student245@mycsu.edu,FirstName245,LastName245,DATA300,A,99
student245@mycsu.edu,FirstName245,LastName245,DATA245,C,71
student246@mycsu.edu,FirstName246,LastName246,DATA350,B,82
student246@mycsu.edu,FirstName246,LastName246,DATA228,F,14
student246@mycsu.edu,FirstName246,LastName246,DATA266,A,93
student246@mycsu.edu,FirstName246,LastName246,DATA226,D,60
student247@mycsu.edu,FirstName247,LastName247,DATA220,B,87
student247@mycsu.edu,FirstName247,LastName247,DATA300,C,79
student247@mycsu.edu,FirstName247,LastName247,DATA340,A,100
student247@mycsu.edu,FirstName247,LastName247,DATA228,D,60
student248@mycsu.edu,FirstName248,LastName248,DATA290,B,82
student248@mycsu.edu,FirstName248,LastName248,DATA255,A,91
student248@mycsu.edu,FirstName248,LastName248,DATA275,F,40
student248@mycsu.edu,FirstName248,LastName248,DATA236,B,87
student249@mycsu.edu,FirstName249,LastName249,DATA270,D,69
student249@mycsu.edu,FirstName249,LastName249,DATA255,F,42
student249@mycsu.edu,FirstName249,LastName249,DATA220,B,81
student249@mycsu.edu,FirstName249,LastName249,DATA310,F,24
student250@mycsu.edu,FirstName250,LastName250,DATA280,F,11
student250@mycsu.edu,FirstName250,LastName250,DATA290,C,70
student250@mycsu.edu,FirstName250,LastName250,DATA310,A,94
student250@mycsu.edu,FirstName250,LastName250,DATA226,A,99
student251@mycsu.edu,FirstName251,LastName251,DATA236,A,89
student251@mycsu.edu,FirstName251,LastName251,DATA228,A,98
student251@mycsu.edu,FirstName251,LastName251,DATA266,C,79
student251@mycsu.edu,FirstName251,LastName251,DATA350,B,81
